,times,F1,F2,F3,F4,F5,filename,pitch_slope,pitch,intensity
0,0.06168749999999967,874.3167361520842,1778.204580802152,2279.1860894974625,3930.8993054576226,,amm2.wav,388.4626143045042,,15.219975912118041
1,0.16168749999999968,803.2654787983004,1797.7457965396907,3313.8070761980225,4342.459517023881,,amm2.wav,388.4626143045042,,19.55072283148823
2,0.2616874999999997,734.063514531618,1605.451778735362,3261.0771551516427,4265.993840848369,,amm2.wav,388.4626143045042,,30.159398237625396
3,0.3616874999999997,790.2813942520261,1662.267525395189,2764.0211206599024,3780.6066084937174,,amm2.wav,388.4626143045042,,19.43405041590772
4,0.4616874999999997,746.6899509240004,1742.6545056170044,3012.6570047002747,4032.74292612311,,amm2.wav,388.4626143045042,,19.529350547366775
5,0.5616874999999997,780.0599390428699,1638.019398042872,2904.6449713675,4045.8987702189183,,amm2.wav,388.4626143045042,,17.886110846677056
6,0.6616874999999998,883.2788903048953,1662.4658729345965,3063.158369561981,4071.633261198128,,amm2.wav,388.4626143045042,,19.202269562229464
7,0.7616874999999997,743.8291142499737,1638.5565860483762,2822.905140856803,4164.525715013924,,amm2.wav,388.4626143045042,,17.215554397799444
8,0.8616874999999997,638.8701459165741,1057.3619481934438,2867.2639762708804,3588.1514376943546,5270.453278383712,amm2.wav,388.4626143045042,154.86084803661208,73.99217519591173
9,0.9616874999999997,446.4202062623347,1786.5496812658391,2727.341756522549,3628.9636806773574,4693.083065078127,amm2.wav,388.4626143045042,214.43795720735187,74.4286194109499
10,1.0616874999999997,483.8104022077659,1974.717586057604,3531.7600812640894,3906.6657386659867,,amm2.wav,388.4626143045042,206.4223522141873,49.07484443572332
11,1.1616874999999998,410.55556512160933,1999.0410923647485,2986.5468822995053,4040.4256590825817,5033.631758339695,amm2.wav,388.4626143045042,214.79485272031292,64.26108361210426
12,1.2616874999999999,618.5344385595549,1471.4834309799216,2382.740081133763,3555.154020211512,5045.146445020908,amm2.wav,388.4626143045042,211.27308982326343,75.15128772084395
13,1.3616874999999997,457.08295645046763,1941.8588453610905,2791.1496767152003,3469.8633944508083,4811.865245833935,amm2.wav,388.4626143045042,222.50979157604755,74.75591522232045
14,1.4616874999999998,428.1293783530446,1647.5459365924016,2555.6530801975837,3767.089819840039,,amm2.wav,388.4626143045042,212.89241461305062,68.66118614404758
15,1.5616874999999997,366.7582359722157,2070.150224971359,2932.4366243794207,3760.5573659256897,,amm2.wav,388.4626143045042,178.61827949660542,72.97526210213321
16,1.6616874999999998,308.8104834983843,1065.1803967082792,2571.065330558415,4004.6551938005464,,amm2.wav,388.4626143045042,177.61835740694227,62.2257972024433
17,1.7616874999999999,543.2371757504133,2350.813374594927,3899.359959127346,4766.592740196326,,amm2.wav,388.4626143045042,180.39034925490526,62.461359325269996
18,1.8616874999999997,1074.5316801313793,2655.781980058172,3105.7209475758,4580.055050769692,,amm2.wav,388.4626143045042,171.27883874610959,50.94550695819867
19,1.9616874999999998,435.4705646710257,1721.6685523046963,2555.7068210506886,3091.9535694285682,4635.590430341738,amm2.wav,388.4626143045042,173.336913792551,67.62713425752075
20,2.0616874999999997,381.2060607128611,1394.663733596172,2563.8129797583515,4107.361580760929,4610.0755613680985,amm2.wav,388.4626143045042,161.0313155188922,63.69920351659109
21,2.1616874999999998,689.3811914949956,1561.265084789157,2548.426175053493,3809.376695952974,,amm2.wav,388.4626143045042,180.7998516242882,70.77445034173256
22,2.2616875,453.5245045697853,1484.5598684962981,2527.800219803566,3916.4884032510813,,amm2.wav,388.4626143045042,166.61101528933963,63.62912275318589
23,2.3616875,736.618684496946,871.7520320327776,2630.7212963977254,3772.1716744005357,5130.81777711126,amm2.wav,388.4626143045042,169.37369629113783,63.114939860508805
24,2.4616875,448.7880281281847,1766.3587893653444,2400.4250751268155,3455.631200897197,4335.745242117336,amm2.wav,388.4626143045042,161.98239277670925,65.32959377621745
25,2.5616874999999997,446.1966249560653,1200.8848356309547,2605.1245144528543,3826.9968765206995,4648.37894549401,amm2.wav,388.4626143045042,154.9130192036966,64.69545717987647
26,2.6616874999999998,604.9488602317145,1361.5512245320745,2549.4060015561918,3754.986558277579,4896.527758082444,amm2.wav,388.4626143045042,142.95111854863376,73.23919932790864
27,2.7616875,513.0657696096621,1847.7594109883055,2669.596084979307,3881.3777103346633,4256.833771552678,amm2.wav,388.4626143045042,126.3122080831187,70.49958429336131
28,2.8616875,657.8301363599985,1848.3683027881598,3282.157380360614,4399.6199319488505,5206.993477638757,amm2.wav,388.4626143045042,137.41866490815931,55.183617230474184
29,2.9616875,712.1745650504481,1240.114433989119,2682.7110335972725,3652.67669809863,5207.734762243643,amm2.wav,388.4626143045042,154.4682480799753,71.29135062015874
30,3.0616874999999997,434.9148694774204,1694.1131982286784,2779.424658739264,3931.8234258668167,,amm2.wav,388.4626143045042,89.7530690878366,58.08905365108232
31,3.1616874999999998,583.7847448313292,2046.8424274601982,3275.0167308735363,3981.4078504481913,,amm2.wav,388.4626143045042,98.75608998121335,52.35600944532157
32,3.2616875,772.0236245187069,1452.366282418776,2448.3895609770148,3549.8976905205486,,amm2.wav,388.4626143045042,123.28153112048173,70.77034005563922
33,3.3616875,695.5463906988671,1539.2206300198409,2663.6125518750496,3539.6977457490584,4891.172436256335,amm2.wav,388.4626143045042,150.1360420874082,71.50220558265912
34,3.4616875,476.6585116203179,2528.4596599705355,3158.8776908840564,3986.8351755234,,amm2.wav,388.4626143045042,159.70798079923864,66.03253560984587
35,3.5616874999999997,390.5312852144313,1477.191966100595,2321.6186365580857,3840.155928673025,,amm2.wav,388.4626143045042,146.93636976358198,66.09552992864327
36,3.6616874999999998,613.9102726032876,950.7093154835101,2509.4575545181956,3747.0825885085446,5094.185399323187,amm2.wav,388.4626143045042,137.6747848540359,53.34738609443466
37,3.7616875,516.3764307931468,2134.3067099362765,2599.1369715712613,3528.856740956239,,amm2.wav,388.4626143045042,146.35773777120033,66.75563659517627
38,3.8616875,428.95401086413517,787.3716151239066,2506.613894345408,3669.0082049428524,,amm2.wav,388.4626143045042,169.47776738560296,69.12108734317371
39,3.9616875,734.9783319514227,1379.166773565765,2556.8604800798366,3749.280918925562,5144.227646553075,amm2.wav,388.4626143045042,176.03754366598838,73.30761573498658
40,4.0616875,690.9659553420314,1532.4114037835413,2635.6728531504177,3687.356141183451,4968.324301021948,amm2.wav,388.4626143045042,170.6693212817242,75.192704434172
41,4.1616875,449.920524452386,1542.1588551660052,2644.216689875829,3861.538249630389,4772.59359549518,amm2.wav,388.4626143045042,166.04019346253713,64.42509009061314
42,4.2616875,446.0444153592667,2407.5184750995636,3224.9607081728786,3861.2645868879817,,amm2.wav,388.4626143045042,186.74875117920942,71.38271590002248
43,4.3616874999999995,480.22983291742423,2413.9165167700426,3514.2399763151857,3913.4613975760417,,amm2.wav,388.4626143045042,188.0819013634012,67.98328274693863
44,4.4616875,730.740128956263,2139.5157512250476,3369.6406355583717,4126.762025106766,5222.592357492948,amm2.wav,388.4626143045042,153.79417342027241,60.97623029051565
45,4.5616875,1093.5608570664338,1813.0243897208004,2691.4743234092316,4005.8796461538013,,amm2.wav,388.4626143045042,179.53023465451238,58.05399103365468
46,4.6616875,667.5811464922243,1422.4446965015693,3057.480095869303,4927.230925729436,,amm2.wav,388.4626143045042,203.8635126026598,68.34690713193736
47,4.7616875,453.2575718041774,1376.3377323205782,2586.3328077706697,3970.5463705084935,,amm2.wav,388.4626143045042,190.38681954637116,66.85858327249969
48,4.8616875,817.6549338198232,1260.1064842093012,2901.3456832947118,3949.3152139766516,,amm2.wav,388.4626143045042,188.42668394660936,73.81099783774127
49,4.9616875,485.2968421424228,771.3892426461603,2925.610005998896,3497.478752121885,4828.6297504895265,amm2.wav,388.4626143045042,188.8263494218168,70.50553444004328
50,5.0616875,648.2681742789813,1121.4530338452369,2784.189061464211,3652.5893463075736,,amm2.wav,388.4626143045042,197.20649677534786,73.9847370169311
51,5.1616875,323.53801532265214,992.1718642124739,2876.520902042006,3664.6598378781255,,amm2.wav,388.4626143045042,130.68223695794296,63.20040147043924
52,5.2616875,485.2363107596861,701.3590848668555,3013.0744698809217,3526.4551780579627,4657.783600218478,amm2.wav,388.4626143045042,150.9752546296075,72.97334850716261
53,5.3616875,373.4064567241025,886.9849344735429,2877.0642042700797,3685.1077963620373,,amm2.wav,388.4626143045042,165.49312201774202,60.85963680413329
54,5.4616875,502.02594363849335,1661.7335330208055,2497.043038632079,3685.37046832845,4769.497051227801,amm2.wav,388.4626143045042,207.64930491887367,74.12800599703353
55,5.5616875,418.75257744799865,1860.0178319929917,3251.0840613792407,4536.4098897754675,,amm2.wav,388.4626143045042,179.31947827676652,63.07137102613125
56,5.6616875,788.8117148843264,1243.09635661455,2815.9876573143774,4027.2802115954864,,amm2.wav,388.4626143045042,403.436822531006,74.077168878548
57,5.7616875,801.4237249062993,1227.4073822798848,2798.313126870002,3602.61386660112,5030.661929272053,amm2.wav,388.4626143045042,147.40019431938094,72.30314769937321
58,5.8616875,905.6898488926004,1756.2138342181893,3258.9386429517313,4108.486830515609,4955.179600178003,amm2.wav,388.4626143045042,170.53086564251478,46.10021356669416
59,5.9616875,399.09553024570795,1855.5254303958736,2972.091837336663,4303.472655091964,4995.140465360117,amm2.wav,388.4626143045042,192.4661118323386,62.37995858939753
60,6.0616875,646.3400047745954,1421.5775716296869,2791.3091843491425,4568.213743327894,,amm2.wav,388.4626143045042,196.06838557122265,70.67473688097466
61,6.1616875,528.2378889810587,1879.2412605052639,2546.195288327883,3642.1667052756115,4766.783034036706,amm2.wav,388.4626143045042,191.60691959960417,68.92811036386765
62,6.2616875,867.8145684371948,1466.0074268270102,2172.947882464793,3994.8199428711846,4548.0326732952435,amm2.wav,388.4626143045042,194.47441593819354,54.54397228962302
63,6.3616875,685.790852022132,1412.4406836996145,2295.450592853827,3513.4583311433644,4313.303671343812,amm2.wav,388.4626143045042,174.26750057890933,74.32888597640951
64,6.4616875,414.70147270887645,1604.259954203075,2727.305914025586,3991.86884709954,,amm2.wav,388.4626143045042,157.62037519136425,64.56251425525193
65,6.5616875,640.375459672199,1720.2819615802134,3220.7281855965894,3798.934772825585,4925.603209643123,amm2.wav,388.4626143045042,142.78097516545887,53.849568064149594
66,6.6616875,319.3051760955,1128.0939384360133,2645.2639589552555,3734.067918526355,,amm2.wav,388.4626143045042,127.75823827237828,66.08263456011366
67,6.7616875,746.1224809240601,1249.4157602025393,2662.097046392544,3705.609829361752,,amm2.wav,388.4626143045042,138.05655341601914,70.75774442442791
68,6.8616875,433.8225996900287,1959.7446417173041,2639.719853260997,3805.196079531997,,amm2.wav,388.4626143045042,131.15761056017377,65.09906914586881
69,6.9616875,695.1863987508908,1230.9705709830178,2408.791630415615,3724.9823987076697,4234.706836018171,amm2.wav,388.4626143045042,111.3504320164216,72.41867304830565
70,7.0616875,638.0884038381325,1694.8700152899019,2969.5236798916376,4129.380495134877,,amm2.wav,388.4626143045042,113.68844158045644,48.92215293585161
71,7.1616875,486.62149378488164,1699.8714105021656,2734.863564021864,3849.4720141749463,,amm2.wav,388.4626143045042,129.1859279622078,67.80768111105115
72,7.2616875,426.55607561360097,2053.779485760631,2716.530405161566,3962.9370516019662,4121.736737856843,amm2.wav,388.4626143045042,138.23902792401958,68.87900850595695
73,7.3616875,432.89491198244286,2190.01844467695,2855.920389892829,3319.6316029420336,4116.688019514543,amm2.wav,388.4626143045042,77.2798820423967,58.20084665519212
74,7.4616875,394.8804536977489,2256.462887075653,3069.8831692967624,3900.5303857541694,,amm2.wav,388.4626143045042,105.19931234501956,53.95668798791423
75,7.5616875,628.5406106278485,2112.9994622574204,2629.7681696838526,3871.99523176515,,amm2.wav,388.4626143045042,110.57561120761511,27.750003899575614
76,7.6616875,865.4342007970889,2034.4394429245087,3028.3800676863693,4219.341343427372,,amm2.wav,388.4626143045042,110.60099562550727,25.420491389360848
77,7.7616875,822.2386364653239,1951.7200360245893,3226.2019104599754,4600.813983888861,,amm2.wav,388.4626143045042,110.62638004339944,25.050665542016702
78,7.8616875,811.920288987788,1317.6566200360724,2693.3108993794435,3893.919901326049,5029.413928757047,amm2.wav,388.4626143045042,110.65176446129158,22.520352476114148
79,7.9616875,482.4047117849195,783.6458089972291,2506.4543145064313,3524.8398000520306,5310.646741475109,amm2.wav,388.4626143045042,110.67714887918375,58.963470583809446
80,8.0616875,514.5321683084956,943.6156791249875,2615.817655561979,2811.1444006300153,4435.676669519095,amm2.wav,388.4626143045042,115.71898298367773,61.28493477301718
81,8.1616875,626.8143964405093,1509.735179857505,2439.3664116859386,4082.4013095484866,4186.932060878851,amm2.wav,388.4626143045042,102.7072043926263,68.59215462132914
82,8.2616875,719.0101956574654,1429.5346268245112,2448.7869181384394,3846.9059050619103,4443.353258002089,amm2.wav,388.4626143045042,100.52848769021958,64.81597950478792
83,8.3616875,499.14128301908875,2032.9055064922823,2128.938228622196,3767.822926571405,3794.8234083860634,amm2.wav,388.4626143045042,128.71458174878367,65.41751871118389
84,8.4616875,510.32575432790964,2059.5982336916945,2487.211447761572,3593.6453749765133,3872.1241306261163,amm2.wav,388.4626143045042,148.8493528423568,70.38258037009201
85,8.5616875,368.0314175345522,1967.546406628029,2604.991620798165,3984.6527624002265,,amm2.wav,388.4626143045042,126.56144623277291,58.73526360770975
86,8.6616875,517.2945873268612,2076.059974169369,2685.428823999667,3827.952011393285,4982.803012149774,amm2.wav,388.4626143045042,128.5142929245722,37.05427855007831
87,8.7616875,641.5807950877548,2110.2015807981925,3221.8609045851117,4074.6555340063474,5150.466913283257,amm2.wav,388.4626143045042,132.83512277660148,46.44341698135662
88,8.8616875,448.65777832095023,1866.5605130396177,2853.3731357479464,3947.560025286818,,amm2.wav,388.4626143045042,155.93841263744744,67.52842507607102
89,8.9616875,452.10229562827794,1587.800788115865,2807.355495690024,4307.649664685501,,amm2.wav,388.4626143045042,167.9037183844639,35.29940178611001
90,9.0616875,694.9008614746732,1313.6156596777848,2494.6692289201483,3671.7710228480114,5077.5255356262005,amm2.wav,388.4626143045042,171.8200167012575,70.44839662334981
91,9.1616875,429.1659493927363,1571.6256713324226,2475.416558522426,4133.399620543451,5167.728732762148,amm2.wav,388.4626143045042,150.66502368236826,63.02395678966575
92,9.2616875,427.21403521776585,1198.3393206615756,2625.057611024959,4347.614697595938,4987.524410626503,amm2.wav,388.4626143045042,130.29561394963653,64.05290703280585
93,9.3616875,618.9139685347616,1378.6103029877358,2656.011218671178,3968.654238832886,5093.055843362724,amm2.wav,388.4626143045042,105.51396229878658,39.89551165568783
94,9.4616875,732.0401812365179,1329.1769239395771,2712.940031025797,3907.274697250814,5119.861096724621,amm2.wav,388.4626143045042,109.0722040270443,27.337796214194388
95,9.5616875,725.6077019491356,1534.4213019415079,3025.2573944762457,4120.927201980328,,amm2.wav,388.4626143045042,112.63044575530208,23.249178641139295
96,9.661687500000001,313.31570520529334,870.9213052649549,2530.670440023107,3946.728436424211,,amm2.wav,388.4626143045042,116.18868748355987,51.495524607745324
97,9.7616875,482.7297310392051,2186.407840488157,3685.44838990293,4820.172730729602,,amm2.wav,388.4626143045042,151.6504772661827,65.9392974620166
98,9.8616875,380.18598069211606,2562.4669902305977,2737.691436556742,3805.014221409981,4943.700436261056,amm2.wav,388.4626143045042,137.61111017719654,60.359806130852746
99,9.9616875,477.2544934695643,1572.4233821183861,2947.706266047212,4227.967002390964,5314.459602689283,amm2.wav,388.4626143045042,132.8541402706555,62.837449525245006
100,10.0616875,538.0890276448458,1696.8614478891734,2924.279079108017,4052.5778138175115,,amm2.wav,388.4626143045042,134.29790340334543,65.9671785568178
101,10.161687500000001,467.8540409110518,2351.2552639979663,3275.2590382327894,3949.156274282197,,amm2.wav,388.4626143045042,166.75600315428605,68.66504984555412
102,10.2616875,761.5621750399985,1557.2991880892139,2425.4082850523337,3510.3053096884046,,amm2.wav,388.4626143045042,130.80255483451958,73.5787687668344
103,10.3616875,442.0681320973447,1598.7072373339738,2674.826885465921,3891.9407824842774,4835.170268738455,amm2.wav,388.4626143045042,173.9764278812963,67.73078942479479
104,10.4616875,409.7152643243836,1491.5780865289278,2705.109684863687,3913.035334894151,,amm2.wav,388.4626143045042,171.51994533574282,66.82224130165994
105,10.5616875,863.3486983135373,1911.9503051300735,2578.2218537558897,3951.414645250458,4957.80474824813,amm2.wav,388.4626143045042,165.18731641819022,51.10197227587311
106,10.661687500000001,651.774783796158,1199.2593699674433,3358.8609426373605,3573.7588941168806,5155.051629926858,amm2.wav,388.4626143045042,190.17799041646563,67.24833256780157
107,10.7616875,453.7842098220798,1745.9745668776352,2923.7581998557857,3949.345928206203,,amm2.wav,388.4626143045042,197.1036373462759,69.6149474047524
108,10.8616875,442.23970755253765,1632.1648815726433,3019.00658075037,3906.3136299695866,,amm2.wav,388.4626143045042,202.81698574406016,75.41409746796852
109,10.9616875,533.1680365128082,1407.4695291866954,3270.188451344014,4029.692537877009,,amm2.wav,388.4626143045042,187.56678282145543,67.84288306478153
110,11.0616875,759.0294444460029,1390.4451458892518,3236.5910389702376,5098.589609861031,,amm2.wav,388.4626143045042,160.57070153919264,67.98979441797
111,11.161687500000001,416.99157628756717,1621.4594706935904,2779.8981946975973,3842.133473871252,,amm2.wav,388.4626143045042,142.041347462102,67.08773924423629
112,11.2616875,444.2708186634106,1738.84955385562,2839.2589057737896,3986.6756617274095,,amm2.wav,388.4626143045042,101.53380436839942,61.170571632379904
113,11.3616875,422.8061283182184,1366.6106933078497,2730.7100037946457,4030.2777336894237,,amm2.wav,388.4626143045042,110.65398838366731,38.289014257114104
114,11.4616875,482.29643463695425,1682.178472956771,2451.3501994994717,4008.085134103616,4331.174411895667,amm2.wav,388.4626143045042,124.47158743146089,68.28670472344947
115,11.5616875,599.242549943416,1122.381555227937,2351.7657411639334,3714.2874076553617,4164.147653096587,amm2.wav,388.4626143045042,120.42501776189316,71.94281377783626
116,11.661687500000001,678.8672826501961,1305.2013428214211,2534.9337389396137,3895.2948086574206,4931.090575970199,amm2.wav,388.4626143045042,116.11043270731811,69.6076971287217
117,11.7616875,740.0602761969143,1233.411836166796,2544.6936881431934,3869.661078055889,4299.168490806351,amm2.wav,388.4626143045042,92.63427397760775,69.08216069146302
118,11.8616875,779.101111456839,1464.4396831089985,2670.852093068042,3997.9072906492174,,amm2.wav,388.4626143045042,93.14359711730658,44.26190285045794
119,11.9616875,663.3789796810947,1457.4690221145715,2763.7005716840936,3972.8175423822963,4158.077195862486,amm2.wav,388.4626143045042,98.71395135724828,61.38231403196633
120,12.0616875,718.5164544610601,1294.9217431002307,2538.5185954324184,3546.305296083837,4141.337567409664,amm2.wav,388.4626143045042,108.55806902303642,67.94823109878352
121,12.161687500000001,522.0591316831519,1560.9386227845469,2984.4162349738567,4076.1996788159236,,amm2.wav,388.4626143045042,91.34049278233802,58.419266554598494
122,12.2616875,405.1950829008352,1304.8552242367357,2755.1647957931846,4104.238531079674,,amm2.wav,388.4626143045042,78.77756691687806,54.096935782549515
123,12.3616875,516.8456314074006,1797.7725159767563,2577.554985704688,3939.139606722437,3998.6820280542647,amm2.wav,388.4626143045042,306.48686280052476,65.27503711244567
124,12.4616875,621.7040826548636,936.9879766318138,2393.7070076772156,3696.176157686896,5133.279672695112,amm2.wav,388.4626143045042,97.20893083858758,56.20214300682564
125,12.5616875,578.6909847416084,1518.11463375185,2652.259168483304,3729.0568449646403,5108.005774716448,amm2.wav,388.4626143045042,100.05834494023507,30.10199074010169
126,12.661687500000001,862.1669243560333,1616.2052974007013,2953.3368903932173,3885.7496933586913,4941.294602663993,amm2.wav,388.4626143045042,111.32614724484675,32.53035687402726
127,12.7616875,863.2304768707581,1747.0444161043124,2812.3064121581483,4053.7185487415804,4806.8262214974375,amm2.wav,388.4626143045042,122.59394954945843,33.32863182561171
128,12.8616875,987.7594408244781,2016.2792667453748,2889.897442294853,4057.4628049706353,,amm2.wav,388.4626143045042,133.86175185407015,31.923727134820506
129,12.9616875,761.5006863008917,1839.1557069191879,2882.0887555596296,3699.440025150119,5004.121895888085,amm2.wav,388.4626143045042,145.12955415868183,24.20869764037592
130,13.0616875,377.91679098471235,2047.4423665413728,2782.5986842048255,3705.8394708361225,3764.6736251537554,amm2.wav,388.4626143045042,177.77218482839726,75.83368260205086
131,13.161687500000001,635.9372280568219,1401.3347124725349,2602.3983047117267,3674.6825171717564,,amm2.wav,388.4626143045042,240.97146477422638,74.96383326939979
132,13.2616875,375.6221858420611,1300.4703054111542,2620.339473850466,3611.038102380785,,amm2.wav,388.4626143045042,197.99570710535943,67.9594730900982
133,13.3616875,558.1348496185199,1383.0329194032329,2246.0633971717107,3559.6727277472423,5009.1923596160605,amm2.wav,388.4626143045042,191.96890779989735,74.33163089893743
134,13.4616875,382.79445964596647,1140.1960758827258,2458.7972141131804,3603.1922571372183,4878.070024443409,amm2.wav,388.4626143045042,164.2829919923321,62.52940738169096
135,13.5616875,645.4593794170719,1593.7631117574851,2323.2487961739985,3756.9922223467956,4930.948210079551,amm2.wav,388.4626143045042,161.29102090691612,73.82811568715597
136,13.661687500000001,533.278797884576,1898.2639264981212,2696.2612248992127,3811.034772269166,4306.242697541756,amm2.wav,388.4626143045042,118.07147013801884,67.76591299605
137,13.7616875,531.6760922200308,1906.063390615129,2746.5129825133145,3810.3980501557535,4901.936181257977,amm2.wav,388.4626143045042,133.35536915722437,69.29047180531936
138,13.8616875,402.93765041707405,1827.2012911646793,2648.572417555894,3812.011711495045,,amm2.wav,388.4626143045042,123.21557803454505,61.034608365528136
139,13.9616875,362.6794313157242,1119.475672532725,2471.2396557109887,3609.318158263022,4515.973941390308,amm2.wav,388.4626143045042,142.63959036109807,61.15476890073997
140,14.0616875,343.9013577539222,1440.9615725839149,2344.1520321092366,3805.890288068159,4617.957792477248,amm2.wav,388.4626143045042,130.65765130944496,61.588311907665094
141,14.161687500000001,455.60566956928153,1973.7162341860492,2879.477553781763,3869.22316969389,,amm2.wav,388.4626143045042,132.44604560387492,47.77973962792064
142,14.2616875,1128.3126193385467,1955.20084416044,2719.8710497205348,3955.1178979187935,5160.080174657642,amm2.wav,388.4626143045042,177.7182493047052,53.507026731892246
143,14.3616875,403.63891349188106,2097.102681908017,2866.57499756846,4487.999844129501,,amm2.wav,388.4626143045042,180.31936257004435,63.83464786782619
144,14.4616875,363.4472930116135,2125.991954531138,3390.5723657414164,4334.847718985521,,amm2.wav,388.4626143045042,136.48633400148736,56.11184152073054
145,14.5616875,528.3049770587921,1986.5742479535065,2531.9267091780594,3716.6343744715377,,amm2.wav,388.4626143045042,141.0388333592083,71.1071937373684
146,14.661687500000001,448.63470760122124,1697.2040582498284,2542.6932540048174,4113.850252237328,5110.402910866343,amm2.wav,388.4626143045042,157.11866654615415,62.78443373352367
147,14.7616875,581.0444612643212,1411.785603315421,3771.7248878470227,3989.8344676208003,,amm2.wav,388.4626143045042,200.2760126714012,68.46732300498249
148,14.8616875,1211.9346165192608,2993.476275692841,4363.874268093541,5026.17069000127,,amm2.wav,388.4626143045042,149.09343584708023,57.326827565113064
149,14.9616875,365.3955072145789,2212.2808652052217,3186.7529786654277,3810.591644798747,,amm2.wav,388.4626143045042,161.97247522387588,67.96272827556037
150,15.0616875,609.4697588824833,1192.2962651674595,2567.1838624363227,3792.757361751348,,amm2.wav,388.4626143045042,148.98744684185328,69.21831452102724
151,15.161687500000001,479.8443619637313,2219.706888952556,2779.316651048362,3787.2474590793336,,amm2.wav,388.4626143045042,128.59032220104993,66.17826487158075
152,15.2616875,466.35524525554615,1437.3849741577128,2673.0627023439165,4087.0395138912018,,amm2.wav,388.4626143045042,135.27451244065387,62.51842801175358
153,15.3616875,499.03940898541254,832.5625633906421,2824.098820752725,3430.9498024628056,4823.983302361301,amm2.wav,388.4626143045042,176.89774552851893,72.32282236351583
154,15.4616875,346.5812213623813,690.6858574161727,2805.974060396742,3468.0273011858094,5153.773134406147,amm2.wav,388.4626143045042,157.74293674913332,44.20096212311539
155,15.5616875,666.5807586262615,2137.8807344946786,3468.5394029065355,3807.8103969977196,,amm2.wav,388.4626143045042,135.8243060991346,36.73418565794559
156,15.661687500000001,439.454437178225,1321.5613307768288,2770.7883059735495,3652.4447189569223,4310.672931804388,amm2.wav,388.4626143045042,112.45959998366372,66.32270039450026
157,15.7616875,489.3464407805906,782.4749765713053,2762.972668698498,3555.5390456733003,4448.013761763469,amm2.wav,388.4626143045042,104.19217030293471,63.88538967098476
158,15.8616875,520.4768073293105,1557.4324068816022,3123.2933986274966,3955.313002764901,,amm2.wav,388.4626143045042,93.22348502159849,38.71659309861557
159,15.9616875,481.4540344097809,2406.3566402776046,3594.2017119896127,4537.589099134391,,amm2.wav,388.4626143045042,99.83037091996334,49.79670623137395
160,16.061687499999998,401.093304735569,1573.268943558795,2302.89978233737,3409.663305798711,4329.76090857174,amm2.wav,388.4626143045042,87.28743568742837,58.65201229568608
161,16.1616875,829.359569077854,1938.077136653675,3638.658181417642,4433.465366141889,5060.20814597842,amm2.wav,388.4626143045042,82.14673331135288,51.94385378466818
162,16.2616875,407.81883346078206,1251.2752368325587,2242.5724947352664,3950.6796259962966,4669.4560666813295,amm2.wav,388.4626143045042,81.64558843915627,55.335129611149924
163,16.361687500000002,721.1901351160044,1857.5075699685906,3082.038224466463,4040.1410671594394,5185.141529302736,amm2.wav,388.4626143045042,,43.098606273985304
164,16.461687500000004,789.4374354701027,1240.1223849842913,2473.5694276072527,3656.0865232866463,5157.669493278683,amm2.wav,388.4626143045042,,54.07449056214475
165,16.561687499999998,911.9468343994391,1430.647956104907,2684.8734768176114,4046.314682636433,,amm2.wav,388.4626143045042,,29.743732966571436
0,0.04999999999999938,1059.5963204665968,1612.763835698979,3015.1645054264945,4043.969646617718,4854.868391115239,AMS1-1.wav,383.1711011986122,,38.9232259412548
1,0.14999999999999938,941.4397526332128,1743.3473760197926,2917.504299403664,3780.585060859843,5024.700047863427,AMS1-1.wav,383.1711011986122,,28.247203353021625
2,0.2499999999999994,700.5036780066623,1532.2472990950612,2794.6215329038123,3661.7296934082738,4533.122251408193,AMS1-1.wav,383.1711011986122,138.2284715527876,71.85641705984735
3,0.3499999999999994,714.0029517952822,1753.8268018717752,2909.1083867173106,3794.429636965272,4649.513846799649,AMS1-1.wav,383.1711011986122,166.43976802543966,76.21282161034746
4,0.4499999999999994,846.5911971387487,2286.396200585886,2878.5638899303494,3935.294223829936,,AMS1-1.wav,383.1711011986122,183.9213225348864,60.06512773517672
5,0.5499999999999994,572.6854810470157,1600.8247010675902,3108.903978292499,3810.1264980081623,4539.289300374159,AMS1-1.wav,383.1711011986122,229.83203285432842,66.81355064558998
6,0.6499999999999995,479.3102239273333,2189.357269042617,3401.3505752375477,3735.063235694664,4269.910577005731,AMS1-1.wav,383.1711011986122,235.08797469122595,70.24252803344767
7,0.7499999999999994,359.5048653684391,1433.5082690409918,2343.9871532419247,3513.239678914421,4176.926494155759,AMS1-1.wav,383.1711011986122,192.584588737479,62.417085848875246
8,0.8499999999999994,512.329286194522,540.9821698135481,3028.526199339181,3822.1765439511264,5269.565686240538,AMS1-1.wav,383.1711011986122,202.47195941680303,68.71088726051173
9,0.9499999999999994,735.5774749923014,863.1509342666336,3054.1390828190615,3411.7718616868556,4722.397098718785,AMS1-1.wav,383.1711011986122,199.37028493936322,70.00568768172782
10,1.0499999999999994,661.57449441583,1475.7815197644506,3163.903422878456,4107.402992466396,,AMS1-1.wav,383.1711011986122,214.72135638258484,68.53419802001076
11,1.1499999999999995,882.0073906865788,1423.0771708980137,3043.1753364732504,3711.247484879931,4693.014892366611,AMS1-1.wav,383.1711011986122,197.66258523590344,72.54911131569456
12,1.2499999999999996,509.1038737731953,2370.4963703098133,3344.2964364716236,4070.767784563929,4623.43330157738,AMS1-1.wav,383.1711011986122,181.07033483758778,65.60960978429343
13,1.3499999999999994,483.2690042478169,2238.1827762079856,3059.05344699053,3611.8787677319615,4169.970989140554,AMS1-1.wav,383.1711011986122,108.93146956122999,60.391147779400036
14,1.4499999999999995,489.2319719922289,1715.6825849098188,2874.4698635302348,3598.4429081293674,4600.46563894489,AMS1-1.wav,383.1711011986122,161.81189936076396,54.797394723716515
15,1.5499999999999994,435.3366227547378,2586.692552134941,3492.0437195307063,3876.1846206623445,,AMS1-1.wav,383.1711011986122,224.3362363545255,52.04178374476522
16,1.6499999999999995,1251.3943611405757,1488.2981206637842,3071.2187241884803,3880.1549835606334,5032.601526624089,AMS1-1.wav,383.1711011986122,220.8797018009362,47.09185873536871
17,1.7499999999999996,912.3028466473651,1463.5147002816416,2949.5455511773143,3785.5748225640946,4416.420989688643,AMS1-1.wav,383.1711011986122,233.14957595179652,77.61157114622748
18,1.8499999999999994,667.2787983958088,697.3342432698444,3044.8316564305387,3822.1590032655513,4463.475817706486,AMS1-1.wav,383.1711011986122,222.41580922893587,69.36915811717944
19,1.9499999999999995,732.0547973395211,2862.803066272862,3850.117108772003,4550.520250987416,,AMS1-1.wav,383.1711011986122,221.5074389447372,70.6975039009487
20,2.0499999999999994,424.8456853664209,1691.3687207726311,2593.160356453413,3814.88026959641,5214.387486185024,AMS1-1.wav,383.1711011986122,211.91215874097608,62.28749707503621
21,2.1499999999999995,416.04084482104787,1202.4461784387559,2549.706151077277,3522.943622498765,4396.06326038265,AMS1-1.wav,383.1711011986122,193.15269812701752,57.52380508160059
22,2.2499999999999996,906.839370838169,1111.3277064760978,2810.0908137655565,3633.0492849549923,4396.219714695483,AMS1-1.wav,383.1711011986122,204.01856397644136,71.7315089541428
23,2.3499999999999996,812.2270742874879,1513.8626604964918,2867.5591133476705,3638.301402718322,4630.239026697061,AMS1-1.wav,383.1711011986122,201.14763408977691,70.96291601442337
24,2.4499999999999997,778.6831126823103,1393.99264055922,3055.7357143746926,3947.4922490317335,4647.293204889652,AMS1-1.wav,383.1711011986122,197.13391187678138,68.70076975408547
25,2.5499999999999994,877.3281700349467,1628.935093273236,3035.0245962250933,3828.347170356245,,AMS1-1.wav,383.1711011986122,203.62611441127606,47.66677321556154
26,2.6499999999999995,1056.7684256869068,1386.4844183136147,3014.998929171012,3655.2471575115965,4562.5186850388955,AMS1-1.wav,383.1711011986122,205.70869061408249,73.11272159429393
27,2.7499999999999996,579.0776937731464,1082.6462374843716,2469.303185340106,3780.477803029329,4433.803152458641,AMS1-1.wav,383.1711011986122,203.27160409732312,64.43404998356351
28,2.8499999999999996,685.8544836137064,1272.0566750220275,2933.198537677022,3793.039620930153,4433.519826249063,AMS1-1.wav,383.1711011986122,207.64148522451734,68.43765254469378
29,2.9499999999999997,421.6550360472955,1419.7518353562718,2722.4550062766593,3794.8317598683534,4294.724236410392,AMS1-1.wav,383.1711011986122,174.21107706017972,58.8366958937412
30,3.0499999999999994,501.3453740929519,534.4005047402798,3023.132784410794,3823.746860518174,,AMS1-1.wav,383.1711011986122,134.92309646867227,62.62944475199859
31,3.1499999999999995,428.50812122003595,845.7128041845997,3123.856327479171,3914.733630187587,4505.7899525615585,AMS1-1.wav,383.1711011986122,168.36627655559684,67.87151596480264
32,3.2499999999999996,431.75835817433375,1890.1798886379559,3163.4074402234664,3864.6940646328253,,AMS1-1.wav,383.1711011986122,184.97160476382993,64.88140339011657
33,3.3499999999999996,456.61713579799107,1014.9937500223831,3067.6764415794737,3822.366270065152,4341.104744072395,AMS1-1.wav,383.1711011986122,186.88483587680804,66.42644513501257
34,3.4499999999999997,754.6029966234224,2107.0180364317102,3532.187673133272,4133.265598747676,5363.0327881806115,AMS1-1.wav,383.1711011986122,155.20793581419815,55.37434782350387
35,3.5499999999999994,799.4330623228593,1345.0607052212467,2909.680851367983,3499.7954970188134,4186.5877596443715,AMS1-1.wav,383.1711011986122,137.09735211617757,68.61510799400742
36,3.6499999999999995,910.8481906923108,1426.0297579879725,3018.950030467121,3643.4730576822317,4587.626315239802,AMS1-1.wav,383.1711011986122,158.3528890225195,71.98071025450153
37,3.7499999999999996,1179.3131695263444,1280.6740013997658,2831.1715245998735,3903.1227416072443,4442.3997490152215,AMS1-1.wav,383.1711011986122,165.44177685840432,44.092633262853674
38,3.8499999999999996,575.2718232556665,1696.0739738015172,2912.9607670532623,3445.7029297224944,4170.919984728387,AMS1-1.wav,383.1711011986122,174.62278954465086,68.67471064029884
39,3.9499999999999997,769.5228152224877,1068.3101878125701,2694.846571640573,3614.5200325939245,4279.065401789105,AMS1-1.wav,383.1711011986122,172.44046499415623,53.309124040106695
40,4.049999999999999,586.7519222946489,1401.791075006769,2427.0680890531244,3375.4514053236985,4109.179727840249,AMS1-1.wav,383.1711011986122,155.3825960836703,66.85053578308225
41,4.15,574.1026606146266,1422.3363626172866,2830.9299893108846,3443.9194631035825,4161.886383106513,AMS1-1.wav,383.1711011986122,150.22022978602826,62.812744568868965
42,4.25,483.20115142986447,1492.8113586301974,2713.2128575975034,3772.066274601366,4302.224698710094,AMS1-1.wav,383.1711011986122,150.73421839239677,59.396932105705496
43,4.35,473.18732845381766,1990.349463369671,3096.752336443413,3724.6252773841816,4548.885302975432,AMS1-1.wav,383.1711011986122,118.45792466917804,67.34220559595421
44,4.449999999999999,555.8159434440702,1524.873159927926,3007.0276539479164,3943.896329405405,4996.87663961492,AMS1-1.wav,383.1711011986122,132.28634793010238,60.65538977977285
45,4.549999999999999,478.1002063119768,2283.2482700255578,3251.0117228882027,3410.6782872604335,4210.428986747048,AMS1-1.wav,383.1711011986122,147.24882778065327,64.10373579258209
46,4.65,817.6565399927673,1360.2095519199036,2983.136907102348,3653.828648170225,4492.819037189191,AMS1-1.wav,383.1711011986122,111.92706152868955,69.529685751529
47,4.75,493.59440607489694,1465.908716149137,2735.0677440450368,3564.105133772503,4518.462267512888,AMS1-1.wav,383.1711011986122,111.07333925724471,60.96878121387317
48,4.85,1194.189970713088,2632.567700298152,3571.2874908149734,4489.798043864994,,AMS1-1.wav,383.1711011986122,109.42581200697607,51.462168712337956
49,4.949999999999999,499.4330272827052,1328.5338865397375,3216.3039163477147,3871.31306666342,4834.827977744712,AMS1-1.wav,383.1711011986122,123.09972442508256,63.28246461508572
50,5.049999999999999,524.4501528818647,1449.135998071033,3180.5851594594055,3714.813805926636,4641.25838923488,AMS1-1.wav,383.1711011986122,103.09600473353504,63.608429367359925
51,5.15,314.1664441435381,1362.6792727331047,2517.2132248383964,3547.9820033360597,5228.6587124863545,AMS1-1.wav,383.1711011986122,114.35771551030862,61.77938932415395
52,5.25,638.4192925962197,1777.0492429357298,2995.830238930469,3647.2183338291243,4497.6303042326535,AMS1-1.wav,383.1711011986122,145.7028933184048,73.8528027403161
53,5.35,606.0245614253483,1732.931946979112,2617.418945636103,3398.5854857538716,4485.352456977887,AMS1-1.wav,383.1711011986122,574.835804791697,61.810525538815995
54,5.449999999999999,652.8575882364244,2088.6568188016595,2785.142138640164,3583.5194788617077,4528.749739376736,AMS1-1.wav,383.1711011986122,487.82556397200733,38.66543580558834
55,5.549999999999999,885.8493827626074,1682.105803359184,3018.5498927997023,4161.635514232884,4768.626171567725,AMS1-1.wav,383.1711011986122,400.83342925737134,45.437738499442204
56,5.65,851.2711451859919,1825.0788553364714,3108.2889186858442,4064.243530108442,5129.017940444703,AMS1-1.wav,383.1711011986122,313.8412945427344,39.78537071754998
57,5.75,374.8118799704906,1656.5365655192275,2972.4946237851877,3927.793558127119,5174.420640339474,AMS1-1.wav,383.1711011986122,226.8491598280994,37.03344390189806
58,5.85,432.13425861135414,1353.4720767170454,3098.911061919107,3843.5909891617985,,AMS1-1.wav,383.1711011986122,138.0319638588112,69.09508726977784
59,5.949999999999999,756.3132992838673,1967.5777081176186,3108.592982294489,4235.833429004634,5200.6354796557425,AMS1-1.wav,383.1711011986122,128.11108919411313,57.41684426363986
60,6.049999999999999,608.1459738046207,1508.3146255089207,2834.343250476658,3710.403102466602,,AMS1-1.wav,383.1711011986122,154.88719279421016,73.74289578660284
61,6.15,804.1429110955654,2061.6877652316025,3113.937245567096,4056.7002609386864,,AMS1-1.wav,383.1711011986122,152.5081856068814,62.747317244393635
62,6.25,794.4827697962523,1459.86956457278,3007.0069062205453,3557.0618979261926,4449.514375957375,AMS1-1.wav,383.1711011986122,164.24425942769872,74.17207239151345
63,6.35,496.93047497720204,1473.5246127203397,2520.063465608913,3572.2058694113116,4438.011641902746,AMS1-1.wav,383.1711011986122,159.00752458830647,60.91439262964585
64,6.449999999999999,558.7856688826037,1698.0869022209472,3369.40310574135,3738.838977152905,4311.306086910869,AMS1-1.wav,383.1711011986122,214.25831771364804,67.61298092777002
65,6.549999999999999,392.38427743952576,1399.823720823218,2292.5907752221474,3461.036959938162,4309.893619658759,AMS1-1.wav,383.1711011986122,233.98953637544847,61.04789745379889
66,6.65,280.56128143635925,1654.9767978445066,2999.8802690782413,3420.207301737791,4628.347219496472,AMS1-1.wav,383.1711011986122,239.56111950371172,54.51527296559882
67,6.75,1015.9659997483111,1416.3769675425915,3228.2938330570923,4125.332281975524,5172.692551524124,AMS1-1.wav,383.1711011986122,186.25904537710957,42.43595168934612
68,6.85,477.8550194057923,1061.5413462837635,3066.4482249162293,3713.969945936952,3942.932111291337,AMS1-1.wav,383.1711011986122,123.82275111402821,66.26771810700907
69,6.949999999999999,458.1078372051258,1002.9230470071818,3222.76629518018,4019.5470492019576,4054.048121174592,AMS1-1.wav,383.1711011986122,110.66047316723323,67.5898313832105
70,7.049999999999999,347.7173750858227,1502.613610506908,2341.022342793442,3817.0319780761097,4307.940358227355,AMS1-1.wav,383.1711011986122,95.03602714567317,58.94082382499429
71,7.15,723.7318712348646,1581.6445856784273,3152.861972841501,4203.838218291886,,AMS1-1.wav,383.1711011986122,98.59252463128415,43.717977955316215
72,7.25,520.0080594525014,1500.47966725047,2550.4606309485584,3907.8228499696384,4836.173741911497,AMS1-1.wav,383.1711011986122,102.25166831889356,62.49942290396322
73,7.35,415.86020950936086,1613.4276282998057,3402.9583644793315,4827.790036765562,,AMS1-1.wav,383.1711011986122,88.45230632534621,54.72857357307004
74,7.449999999999999,1155.5215513975072,2498.5044146713362,4041.4481654144456,5223.139983264779,,AMS1-1.wav,383.1711011986122,81.14631416951238,48.005475789500096
75,7.549999999999999,441.81047795408756,1901.8319952621691,2809.871236864382,3617.775999314015,4550.571819909074,AMS1-1.wav,383.1711011986122,84.14144353650579,54.99246881518918
76,7.65,766.0467295641934,1554.6396067002304,2899.438338356707,3535.133757063144,4394.110926458234,AMS1-1.wav,383.1711011986122,,67.8768618682133
77,7.75,1272.4978150332029,1363.7271032665653,3049.847402896863,4017.2545427749924,4565.237882790544,AMS1-1.wav,383.1711011986122,,48.39575289099567
78,7.85,939.506940317086,1459.5241236378329,2789.0599758759618,3598.8189125444405,5017.775126348248,AMS1-1.wav,383.1711011986122,,33.89176929265112
79,7.949999999999999,907.4493240630485,1674.6196112148275,2997.2115603849325,3818.6295848452423,4900.533327309852,AMS1-1.wav,383.1711011986122,,37.30261030141898
0,0.060861678004535236,918.9371005168385,1759.984685662829,3136.513034071423,4058.3658828833377,5085.079171610426,AMS1.wav,313.4847096213779,,28.84980161864167
1,0.16086167800453524,1100.381848802072,1974.5156829793016,3250.8350980022497,3851.734852372557,4932.2652958455865,AMS1.wav,313.4847096213779,,31.85906144090486
2,0.26086167800453525,1343.8659924553572,2333.6106377034216,3306.667483749229,4255.590000128648,,AMS1.wav,313.4847096213779,,27.01744247089275
3,0.3608616780045353,935.467033336508,2181.4915481952003,3355.5868228071354,4501.617644216178,,AMS1.wav,313.4847096213779,,24.839289599321614
4,0.46086167800453526,765.8824566335634,1735.071729359819,3261.343001694791,3706.475569058685,4725.541770275526,AMS1.wav,313.4847096213779,,24.457283453255407
5,0.5608616780045352,260.85874133469156,1748.6311812397626,3012.93844890501,4008.033355229949,5077.490248679951,AMS1.wav,313.4847096213779,166.22037779273745,52.90880372315387
6,0.6608616780045353,878.5045470248673,1347.578324500983,2879.514407208068,3618.3387825633567,4534.3457009954345,AMS1.wav,313.4847096213779,209.3243002443775,73.78071246726049
7,0.7608616780045353,563.8172583635509,1167.1046626419106,3007.5439809328273,3609.3901024943034,4562.518288478917,AMS1.wav,313.4847096213779,232.88321696357897,70.42189520424903
8,0.8608616780045353,436.47950802115827,1452.2779628830772,2835.9920412598,3709.653435703877,4834.151030093415,AMS1.wav,313.4847096213779,235.8277124087901,68.04932573442605
9,0.9608616780045353,593.2550848123801,1888.9242155976249,3001.9813354718553,3838.511729204654,,AMS1.wav,313.4847096213779,180.17588755663354,64.57810309890121
10,1.0608616780045352,838.4121195163953,2309.11068421649,3190.087521599947,4205.263918876405,,AMS1.wav,313.4847096213779,200.48295943262303,60.87502532144782
11,1.1608616780045353,492.8328591783428,2255.12084231648,3291.549996094828,3805.164752662563,,AMS1.wav,313.4847096213779,215.8675153427138,63.74304487379824
12,1.2608616780045354,417.1583315629147,2615.7233499869994,3167.0285579701977,4681.35259156167,,AMS1.wav,313.4847096213779,203.72415263336774,63.09539988281226
13,1.3608616780045353,424.49272963174394,2267.9882770637996,2421.672526226706,3752.891610734004,5029.125509165676,AMS1.wav,313.4847096213779,221.64893662818466,67.58590034575032
14,1.4608616780045354,434.0018387740635,1154.6050448213214,3328.6888049177114,4019.112355293312,,AMS1.wav,313.4847096213779,215.32622157011102,67.2831142230466
15,1.5608616780045352,847.4239922046547,1567.729395723161,3175.426756157594,3782.924906201435,4432.152188677301,AMS1.wav,313.4847096213779,224.34174893479832,68.85351762149433
16,1.6608616780045353,441.9308369014867,1545.4049332333016,2659.5648299177737,3962.371231181691,4386.8402251719735,AMS1.wav,313.4847096213779,221.5458482642905,63.84462603749035
17,1.7608616780045354,1334.4230469611869,2851.7497106631095,3676.574234651785,4910.463814300916,,AMS1.wav,313.4847096213779,179.11880997340091,55.10866181157114
18,1.8608616780045353,342.42824067914955,1594.0110844867665,2722.766125690324,3837.1630884365104,,AMS1.wav,313.4847096213779,199.62405507518426,61.96211511994078
19,1.9608616780045354,438.3228766383049,1714.3264327615266,2280.434929099725,3689.428959342067,,AMS1.wav,313.4847096213779,201.19780331731542,64.44616446444915
20,2.0608616780045352,650.7649269403985,802.5367389023951,2852.763487125273,4029.948948282876,4084.5288766296735,AMS1.wav,313.4847096213779,203.76245369123137,73.46739947068748
21,2.1608616780045353,640.7417372184268,2890.427531611828,3285.105418214967,4110.776224588018,,AMS1.wav,313.4847096213779,194.15894236977823,70.80353184494562
22,2.2608616780045354,846.7395375627954,2721.7628162125347,2819.082086429592,3977.667424255226,,AMS1.wav,313.4847096213779,154.05691170137422,55.91212546888282
23,2.3608616780045355,588.7329148452109,1540.2320942099375,2847.4012902868417,3965.4878432286796,4327.799001243947,AMS1.wav,313.4847096213779,173.40812955070055,69.40327608584938
24,2.4608616780045356,799.2773022340677,2049.2417526366403,3190.956859206729,3970.9063775007253,,AMS1.wav,313.4847096213779,157.12720600745234,59.374454487648805
25,2.5608616780045352,694.4180635063192,1381.065999243185,2880.33578590744,3775.042749765263,4276.546177438567,AMS1.wav,313.4847096213779,164.01375455729686,73.40944890303322
26,2.6608616780045353,734.9223409423622,1425.500950069068,2959.9896945404003,3812.1679143385613,4481.652757086168,AMS1.wav,313.4847096213779,150.27595599231287,70.75644796701356
27,2.7608616780045354,795.9090065632618,1775.1027927179807,3265.8523815724325,4067.663703176293,4985.925441216,AMS1.wav,313.4847096213779,164.61496223430055,49.458343821855834
28,2.8608616780045355,949.9794675359234,2437.8991483203695,2992.8447597534077,3966.170361600154,,AMS1.wav,313.4847096213779,163.6325863502197,52.35318855858665
29,2.9608616780045356,551.1526416225298,1362.279110389013,2895.9645810999086,3922.181630548031,4339.4167700373855,AMS1.wav,313.4847096213779,169.18024616958886,68.55362724256642
30,3.0608616780045352,703.4274936487744,3007.41584150697,3976.1329188771997,4751.561013263781,,AMS1.wav,313.4847096213779,131.360722869424,62.629353288128016
31,3.1608616780045353,488.339262040004,1881.4931335357344,3116.79966796796,4073.144898458002,4429.363012410925,AMS1.wav,313.4847096213779,120.88151609460863,66.00266911915939
32,3.2608616780045354,449.9078258207157,1901.810990653825,3563.079721882171,4730.759921196324,5076.4457955438575,AMS1.wav,313.4847096213779,118.50739486323094,54.57711483627625
33,3.3608616780045355,320.7374219633373,1158.1725112218037,2376.018548041774,3647.938808257703,4865.947617488762,AMS1.wav,313.4847096213779,112.33682845366886,60.34356318088561
34,3.4608616780045356,238.1016129259335,2029.095441353393,3398.031406680657,4024.5467239107325,,AMS1.wav,313.4847096213779,98.11546999907989,53.92108737917532
35,3.5608616780045352,912.510379913758,1194.4444540953177,2892.8503171831426,3681.2042472073285,4343.911280998069,AMS1.wav,313.4847096213779,108.87150158207665,71.54917193096585
36,3.6608616780045353,434.08321141020707,1164.8682220783926,2961.1959603224045,3925.674099988457,4748.844361760661,AMS1.wav,313.4847096213779,98.29524017949419,54.99811817647645
37,3.7608616780045354,1023.5542599554702,2750.5150777020685,3600.089397510376,4479.560235508915,,AMS1.wav,313.4847096213779,101.83917467477781,49.62599022142115
38,3.8608616780045355,973.0905568776415,1728.5103788887827,3132.8343305962658,4093.63570921885,4985.608710886415,AMS1.wav,313.4847096213779,114.46950913699374,45.67325988684985
39,3.9608616780045356,729.2636620554704,1284.479471053768,3014.8549247845563,3740.804369334248,4365.386238421225,AMS1.wav,313.4847096213779,128.36287704543113,56.64192289571584
40,4.060861678004535,680.130077904363,1327.6220708104697,2913.0185422798104,3590.5954679706915,4476.852617202887,AMS1.wav,313.4847096213779,113.6477428266748,62.56227965989018
41,4.160861678004536,530.4505174762884,1731.7794562591625,2862.670838943844,3757.9646233681983,4532.719490126721,AMS1.wav,313.4847096213779,130.73971880037192,70.44572053966773
42,4.260861678004535,447.5469382402937,1638.1046280567987,2874.196026449683,3367.502034539078,4233.402475367298,AMS1.wav,313.4847096213779,169.4846285356972,67.4083778810912
43,4.360861678004535,966.6509273081871,2264.903119641146,3141.048853341555,4109.230777438454,,AMS1.wav,313.4847096213779,154.24829977284878,53.66057445131087
44,4.460861678004536,437.37074577226645,1951.7036924318975,3009.603581686724,3905.9317977125893,4169.61357863619,AMS1.wav,313.4847096213779,179.79379970404096,71.85174675020916
45,4.560861678004535,560.5002085445268,2180.657532675428,3322.0362692448743,3921.9115147788116,,AMS1.wav,313.4847096213779,164.25841900357895,62.519378906462705
46,4.660861678004536,614.8361105764243,1377.0384566437128,3389.593995586971,3930.214342278147,,AMS1.wav,313.4847096213779,169.11135840019335,68.01954849693212
47,4.760861678004535,385.52499507254186,1570.0836645568018,3051.119176948813,3935.052111052666,5008.024414239068,AMS1.wav,313.4847096213779,149.9194316300523,61.05952624391355
48,4.860861678004536,625.9731691890705,1631.6826427398496,2553.626859715782,3519.8626324816723,4295.489503945417,AMS1.wav,313.4847096213779,157.8667441159996,45.915749446001506
49,4.960861678004536,513.8663886361381,1804.4947464533216,2916.29937486388,3496.9143429918745,4408.079877005013,AMS1.wav,313.4847096213779,148.8573308067015,68.6349972817469
50,5.060861678004535,411.6559470532109,1763.0444602695763,2990.2542278819765,4214.516508959324,4639.733255915501,AMS1.wav,313.4847096213779,162.3334609635415,60.083292442887604
51,5.160861678004536,588.630625135068,1091.9134535212313,2828.9211553973023,3897.5506907642475,4053.699061981847,AMS1.wav,313.4847096213779,174.95589287884124,70.13050846859963
52,5.260861678004535,981.4763536363672,1058.3664016627656,2989.635443705285,3316.6587409214308,4320.127759994821,AMS1.wav,313.4847096213779,171.06001492760075,44.135535880594084
53,5.360861678004536,427.23068942574355,1396.324866385806,2464.7122065641975,3697.8398687399986,4478.453816442345,AMS1.wav,313.4847096213779,178.70406446532482,61.17312056453813
54,5.460861678004536,716.8256699369867,1561.9420695050976,3062.3800563521004,3810.6291049566794,4483.276640720714,AMS1.wav,313.4847096213779,176.14096505039683,71.39062471297056
55,5.560861678004535,1759.3115577397905,3119.3923872214186,4386.562623991651,5320.388785560839,,AMS1.wav,313.4847096213779,166.80848339588292,54.244141345668226
56,5.660861678004536,877.7372190622976,1534.1952542684262,3014.5713230406345,3655.88155536776,4598.222770069143,AMS1.wav,313.4847096213779,145.748126609775,70.67554276539859
57,5.760861678004535,391.1253332619453,1548.6408230523575,2520.8235031630124,3681.723454493088,4705.91193027955,AMS1.wav,313.4847096213779,113.64327269392756,60.37124039772748
58,5.860861678004536,696.5739015002564,1593.4991297287497,3221.418490307776,3909.623884690922,5004.683165597153,AMS1.wav,313.4847096213779,143.14995762197987,68.68226133670201
59,5.960861678004536,814.4143361461798,1458.8486059911163,3057.12198276314,3941.1491780508577,5244.300035222498,AMS1.wav,313.4847096213779,136.19937763212735,51.89151623037846
60,6.060861678004535,455.4888853643662,1825.3372244842171,3169.447809960844,3945.0058949565114,3945.8927218466633,AMS1.wav,313.4847096213779,142.0532188757922,63.945970666734155
61,6.160861678004536,796.8709037174762,1445.053395279121,2981.0645946213385,3768.152137607798,4624.237578542429,AMS1.wav,313.4847096213779,167.40662728233232,72.48695877559892
62,6.260861678004535,640.5303320004074,1545.288838470007,3034.540153868293,3879.077358870787,4776.946380131714,AMS1.wav,313.4847096213779,191.39981541667768,67.46765378366929
63,6.360861678004536,458.60863622703454,1776.7646959761694,3068.5287860791645,3726.6513366912313,,AMS1.wav,313.4847096213779,205.23771617235062,60.52032482903088
64,6.460861678004536,311.9198141040623,1458.1169361697123,2847.293286558664,3806.333106706693,4944.4909691472885,AMS1.wav,313.4847096213779,189.640232391272,48.590416261069095
65,6.560861678004535,761.8119681474182,1417.1536074552846,2779.8654990680607,3559.996709312446,4527.814798445058,AMS1.wav,313.4847096213779,153.55345055755257,56.74297375453407
66,6.660861678004536,961.3881975562365,1576.0729109149886,3130.3779349960696,4085.7795034103724,,AMS1.wav,313.4847096213779,166.61089983705403,34.918644412843975
67,6.760861678004535,818.8603640011489,1591.9368405714608,3036.3251460179117,4320.347882760375,4636.056541239295,AMS1.wav,313.4847096213779,229.29244245974976,51.58788644732585
68,6.860861678004536,472.1459309345748,1550.5265881747202,2805.295602321578,3940.5292785840816,4531.5486918363085,AMS1.wav,313.4847096213779,220.78835242370874,67.83802165776409
69,6.960861678004536,487.28958553053997,1923.8637797195058,2734.909510612584,3912.270968433794,,AMS1.wav,313.4847096213779,203.64239611064036,65.19610763034717
70,7.060861678004535,353.6145574958751,1944.0844486311255,2933.013818846158,3840.201873493235,4356.8746408873785,AMS1.wav,313.4847096213779,129.2312647017655,65.1118663452151
71,7.160861678004536,491.4989097528832,662.0944800128572,2306.6311613867297,3471.806942883187,4607.56790661418,AMS1.wav,313.4847096213779,158.62792996372343,65.28622292362422
72,7.260861678004535,499.6048449181843,2228.207835718558,3242.3064816246883,4384.707326345769,,AMS1.wav,313.4847096213779,157.12054326765303,62.00111305129625
73,7.360861678004536,819.9117962539501,1190.4998525982594,2980.2642527757444,3670.385103723454,4631.121922444517,AMS1.wav,313.4847096213779,156.34502865652752,74.16651764579998
74,7.460861678004536,633.9784312431242,2488.5553003224027,3622.3432147879716,4178.312124414071,,AMS1.wav,313.4847096213779,139.92699245564248,66.18594770869379
75,7.560861678004535,702.3632538541218,2350.3877398145164,3516.611466761584,3674.119190189689,,AMS1.wav,313.4847096213779,114.71144178098585,59.69674430733748
76,7.660861678004536,501.10790050918877,1351.5403757439033,2192.153630539973,3466.1559624663396,4437.990407778363,AMS1.wav,313.4847096213779,127.09173787829246,64.51911726189594
77,7.760861678004535,553.5833006157476,1247.335222539398,3412.9838801573446,3448.769231907,3901.9438697355563,AMS1.wav,313.4847096213779,109.34447099074396,63.97304825542976
78,7.860861678004536,1326.549119977985,3333.6803764857527,4585.282804285295,,,AMS1.wav,313.4847096213779,91.44891468129995,56.28100896826627
79,7.960861678004536,1204.9920818512983,2257.8625254293197,3449.2932287862473,4637.991100271211,,AMS1.wav,313.4847096213779,98.50249462422163,44.52620557071491
80,8.060861678004535,407.07119289270935,1897.0774498932028,3032.5292236059513,3607.655655090569,4406.256178425001,AMS1.wav,313.4847096213779,97.45235838192858,64.27390274231738
81,8.160861678004535,855.5136190306316,1487.0289377618444,2860.318594609858,3536.4315370587924,4479.65564014946,AMS1.wav,313.4847096213779,94.43187243612608,72.79624161574189
82,8.260861678004536,987.5536178313639,1037.6773814801104,2932.7056799062934,3878.6579967616635,4421.206680852338,AMS1.wav,313.4847096213779,80.92034695780457,59.37470804030077
83,8.360861678004536,831.4291655018026,1123.5203142901414,2748.280149796813,3568.1293143999237,4429.097707099612,AMS1.wav,313.4847096213779,,39.99797809097337
84,8.460861678004536,1305.2719516396912,1319.81141004887,3004.8610040146236,4139.358485161011,4737.626862234134,AMS1.wav,313.4847096213779,,41.88675585564237
